"period","sex","raceEthnicity","foreign","majorCauses","age","deaths","pop","ASDR","logASDR","ASDR.SD","coefOfVar"
"2017-2019","Female","White","Foreign-Born","All other causes","25-100",27621,13620750.423084095,145.143770083133,4.977724769006178,0.5344446541507624,0.3682174259664415
"2017-2019","Female","White","Foreign-Born","Alzheimer disease and other dementias","25-100",29110,13620750.423084095,125.66752107884415,4.833639697792683,0.3053965511513193,0.24301947593898401
"2017-2019","Female","White","Foreign-Born","COVID-19","25-100",0,13620750.423084095,0,NA,0,NA
"2017-2019","Female","White","Foreign-Born","Circulatory diseases","25-100",63686,13620750.423084095,299.875527767761,5.703367481117496,0.6194088036199406,0.20655530253860613
"2017-2019","Female","White","Foreign-Born","Diabetes","25-100",4066,13620750.423084095,21.67942739481072,3.076363764544179,0.2138183999246586,0.9862732812575995
"2017-2019","Female","White","Foreign-Born","External Causes","25-100",7937,13620750.423084095,48.25657453044183,3.876532078200762,0.36111757507682546,0.7483282404328567
"2017-2019","Female","White","Foreign-Born","Malignant Neoplasm","25-100",39249,13620750.423084095,226.97440611077806,5.424837262714154,0.7440716306392207,0.32782182070169885
"2017-2019","Female","White","Foreign-Born","Respiratory diseases","25-100",16856,13620750.423084095,84.70925203579893,4.43922482870077,0.38548634475845733,0.4550699427679366
"2017-2019","Female","White","Foreign-Born","Total","25-100",188525,13620750.423084095,952.3064790015677,6.858886914706803,1.2083890000736284,0.12689076749121214
"2017-2019","Female","White","US-Born","All other causes","25-100",489859,211311458.57691592,186.67634341786368,5.229376333456008,0.1591477969499163,0.08525332885574773
"2017-2019","Female","White","US-Born","Alzheimer disease and other dementias","25-100",421974,211311458.57691592,141.6291370058817,4.9532119299074635,0.08991902870644611,0.06348907478177451
"2017-2019","Female","White","US-Born","COVID-19","25-100",0,211311458.57691592,0,NA,0,NA
"2017-2019","Female","White","US-Born","Circulatory diseases","25-100",912423,211311458.57691592,325.3493585027177,5.784899554224642,0.17521280249869078,0.05385374149960932
"2017-2019","Female","White","US-Born","Diabetes","25-100",66941,211311458.57691592,25.811108340083898,3.250804955082218,0.062255635604594725,0.24119706439693464
"2017-2019","Female","White","US-Born","External Causes","25-100",159886,211311458.57691592,69.8251597578835,4.24599439980404,0.11435829049847944,0.1637780577874983
"2017-2019","Female","White","US-Born","Malignant Neoplasm","25-100",611363,211311458.57691592,240.08648730068495,5.480999222179423,0.1933475792114801,0.08053247035487303
"2017-2019","Female","White","US-Born","Respiratory diseases","25-100",341920,211311458.57691592,126.45136854010997,4.839857795834079,0.12617418223666466,0.0997807961221413
"2017-2019","Female","White","US-Born","Total","25-100",3004366,211311458.57691592,1115.8289628652253,7.017352872114544,0.34079016348163066,0.03054143375222577
"2017-2019","Female","White","Total","All other causes","25-100",517480,224932209,184.0469523801149,5.215190901036018,0.1528820020901948,0.08306684794999775
"2017-2019","Female","White","Total","Alzheimer disease and other dementias","25-100",451084,224932209,140.52397876016764,4.945378141543942,0.08634302303609379,0.06144362250335615
"2017-2019","Female","White","Total","COVID-19","25-100",0,224932209,0,NA,0,NA
"2017-2019","Female","White","Total","Circulatory diseases","25-100",976109,224932209,323.84630506544465,5.78026903616271,0.16873635995035938,0.0521038397879081
"2017-2019","Female","White","Total","Diabetes","25-100",71007,224932209,25.569693103800983,3.2414077870332187,0.05988096606528015,0.23418726936686907
"2017-2019","Female","White","Total","External Causes","25-100",167823,224932209,68.45290642453111,4.226146011381334,0.10953164635868988,0.1600102202810743
"2017-2019","Female","White","Total","Malignant Neoplasm","25-100",650612,224932209,239.29147832598315,5.477682383440226,0.18705727091558208,0.07817130481377059
"2017-2019","Female","White","Total","Respiratory diseases","25-100",358776,224932209,123.80080143407471,4.8186738338488855,0.12076247885181618,0.09754579732355248
"2017-2019","Female","White","Total","Total","25-100",3192891,224932209,1105.5321154941173,7.0080820505260295,0.32831284541747385,0.029697268927437216
"2017-2019","Female","Hispanic","Foreign-Born","All other causes","25-100",21593,26626859.79432275,111.24832617739335,4.7117648753367,0.4284667218063268,0.3851444210703055
"2017-2019","Female","Hispanic","Foreign-Born","Alzheimer disease and other dementias","25-100",13961,26626859.79432275,79.41300550094222,4.374662152080872,0.24608833182731776,0.3098841685627904
"2017-2019","Female","Hispanic","Foreign-Born","COVID-19","25-100",0,26626859.79432275,0,NA,0,NA
"2017-2019","Female","Hispanic","Foreign-Born","Circulatory diseases","25-100",40000,26626859.79432275,218.2206638444971,5.385506770310572,0.5153583399893593,0.23616385859617814
"2017-2019","Female","Hispanic","Foreign-Born","Diabetes","25-100",6171,26626859.79432275,32.70743858685356,3.487602531753912,0.24315947825011144,0.7434378500915295
"2017-2019","Female","Hispanic","Foreign-Born","External Causes","25-100",5160,26626859.79432275,22.79569346310279,3.1265716349224713,0.19374283376411872,0.8499098045765168
"2017-2019","Female","Hispanic","Foreign-Born","Malignant Neoplasm","25-100",32905,26626859.79432275,160.9118579665533,5.0808567490239565,0.5494661582211589,0.3414702714671093
"2017-2019","Female","Hispanic","Foreign-Born","Respiratory diseases","25-100",9629,26626859.79432275,52.68535223607818,3.9643374707286423,0.27006418820008865,0.512598239810481
"2017-2019","Female","Hispanic","Foreign-Born","Total","25-100",129419,26626859.79432275,677.9823377754205,6.519121237122345,0.9316440756329817,0.13741421033029708
"2017-2019","Female","Hispanic","US-Born","All other causes","25-100",26370,24793178.20567725,162.9623037743639,5.093518908872894,0.6032469605278297,0.37017576860172513
"2017-2019","Female","Hispanic","US-Born","Alzheimer disease and other dementias","25-100",15130,24793178.20567725,105.76765251173519,4.661244730820575,0.345968353127912,0.3271022329719627
"2017-2019","Female","Hispanic","US-Born","COVID-19","25-100",0,24793178.20567725,0,NA,0,NA
"2017-2019","Female","Hispanic","US-Born","Circulatory diseases","25-100",37669,24793178.20567725,251.9825819656922,5.529359965938822,0.6696180558491894,0.26573981845314965
"2017-2019","Female","Hispanic","US-Born","Diabetes","25-100",6766,24793178.20567725,43.727788892770796,3.7779838014383014,0.32782288144702704,0.7496900477884069
"2017-2019","Female","Hispanic","US-Born","External Causes","25-100",9382,24793178.20567725,41.874303251947225,3.7346723512473354,0.2886518047864637,0.6893292123566042
"2017-2019","Female","Hispanic","US-Born","Malignant Neoplasm","25-100",26685,24793178.20567725,168.09532866674368,5.124531251014431,0.6419094477552696,0.3818722702448698
"2017-2019","Female","Hispanic","US-Born","Respiratory diseases","25-100",10544,24793178.20567725,70.48596973382342,4.25541367914518,0.38111268610035864,0.5406929741330888
"2017-2019","Female","Hispanic","US-Born","Total","25-100",132546,24793178.20567725,844.8959287970764,6.73921345858532,1.2093673419499802,0.14313802454603153
"2017-2019","Female","Hispanic","Total","All other causes","25-100",47963,51420038,133.7153842361615,4.895713542829911,0.3562545894410434,0.26642752550584914
"2017-2019","Female","Hispanic","Total","Alzheimer disease and other dementias","25-100",29091,51420038,91.14608940170483,4.512463597315724,0.20481993832035772,0.22471610100315142
"2017-2019","Female","Hispanic","Total","COVID-19","25-100",0,51420038,0,NA,0,NA
"2017-2019","Female","Hispanic","Total","Circulatory diseases","25-100",77669,51420038,232.684286557591,5.449682541417096,0.41141906981040094,0.1768142902544353
"2017-2019","Female","Hispanic","Total","Diabetes","25-100",12937,51420038,37.462631825471014,3.623343951501349,0.19772272782343037,0.5277865387156216
"2017-2019","Female","Hispanic","Total","External Causes","25-100",14542,51420038,31.679407764868188,3.4556668724807076,0.16725066247914602,0.5279475668248558
"2017-2019","Female","Hispanic","Total","Malignant Neoplasm","25-100",59590,51420038,163.9340024201439,5.099463922562408,0.41692704169613487,0.25432615292805394
"2017-2019","Female","Hispanic","Total","Respiratory diseases","25-100",20173,51420038,60.39342590169598,4.1008802563298214,0.22504498999464928,0.3726316012622982
"2017-2019","Female","Hispanic","Total","Total","25-100",261965,51420038,751.0152281076364,6.621425928665929,0.7437683233426086,0.09903505222080675
"2017-2019","Female","Black","Foreign-Born","All other causes","25-100",5232,5675611.776371612,120.67824429849931,4.7931278657801535,0.9558511273838589,0.7920658217561966
"2017-2019","Female","Black","Foreign-Born","Alzheimer disease and other dementias","25-100",2548,5675611.776371612,71.97675210568204,4.276343179455606,0.5522018887641686,0.7671947852736972
"2017-2019","Female","Black","Foreign-Born","COVID-19","25-100",0,5675611.776371612,0,NA,0,NA
"2017-2019","Female","Black","Foreign-Born","Circulatory diseases","25-100",11386,5675611.776371612,290.69748714253524,5.672283163366944,1.3350446548137256,0.4592556571220461
"2017-2019","Female","Black","Foreign-Born","Diabetes","25-100",1614,5675611.776371612,39.912065872378,3.6866786809977934,0.5560743793739977,1.393248801382744
"2017-2019","Female","Black","Foreign-Born","External Causes","25-100",1104,5675611.776371612,22.024899985726766,3.092173630868767,0.42461658755591064,1.9278933744583786
"2017-2019","Female","Black","Foreign-Born","Malignant Neoplasm","25-100",8688,5675611.776371612,194.66035239814443,5.271256257323147,1.3042998045084306,0.6700387564493404
"2017-2019","Female","Black","Foreign-Born","Respiratory diseases","25-100",1838,5675611.776371612,46.15786754944576,3.8320674241969823,0.5657558165624176,1.2256974739059643
"2017-2019","Female","Black","Foreign-Born","Total","25-100",32410,5675611.776371612,786.1076693524117,6.667093766956689,2.2030228058312296,0.2802444107492374
"2017-2019","Female","Black","US-Born","All other causes","25-100",84452,38149847.22362839,244.50089271920424,5.49921896011155,0.49766963422928123,0.20354511948585288
"2017-2019","Female","Black","US-Born","Alzheimer disease and other dementias","25-100",40581,38149847.22362839,125.20436491223938,4.8299473215745685,0.2541268584456358,0.2029696477624907
"2017-2019","Female","Black","US-Born","COVID-19","25-100",0,38149847.22362839,0,NA,0,NA
"2017-2019","Female","Black","US-Born","Circulatory diseases","25-100",148589,38149847.22362839,440.25208523711234,6.08734748384917,0.6171578974211929,0.14018284481010512
"2017-2019","Female","Black","US-Born","Diabetes","25-100",20586,38149847.22362839,60.25397370862115,4.0985685238659775,0.256664699580844,0.4259714070013615
"2017-2019","Female","Black","US-Born","External Causes","25-100",20866,38149847.22362839,55.50843418812473,4.016534976560119,0.2502314180749708,0.45079891323705246
"2017-2019","Female","Black","US-Born","Malignant Neoplasm","25-100",95447,38149847.22362839,277.50979973422795,5.62585624692053,0.5558874559356197,0.2003127300253883
"2017-2019","Female","Black","US-Born","Respiratory diseases","25-100",32658,38149847.22362839,96.53676195751714,4.569923888728436,0.31412710163578794,0.3253963518830532
"2017-2019","Female","Black","US-Born","Total","25-100",443179,38149847.22362839,1299.766312457047,7.169939767642501,1.0125349373277355,0.07790130638281152
"2017-2019","Female","Black","Total","All other causes","25-100",89684,43825459,230.1881546917114,5.438897038368327,0.452932066380832,0.19676601821124948
"2017-2019","Female","Black","Total","Alzheimer disease and other dementias","25-100",43129,43825459,119.93276735207878,4.786931313704994,0.23460456105938512,0.1956133976052365
"2017-2019","Female","Black","Total","COVID-19","25-100",0,43825459,0,NA,0,NA
"2017-2019","Female","Black","Total","Circulatory diseases","25-100",159975,43825459,422.8231558558526,6.046954020367362,0.5664211761983836,0.13396172095917236
"2017-2019","Female","Black","Total","Diabetes","25-100",22200,43825459,57.77506270079626,4.056557241418121,0.23540541034987983,0.4074515878398786
"2017-2019","Female","Black","Total","External Causes","25-100",21970,43825459,51.147071026250046,3.9347052283191752,0.224156494683677,0.43825871195758964
"2017-2019","Female","Black","Total","Malignant Neoplasm","25-100",104135,43825459,268.08697716119315,5.591311469504851,0.5139628881557121,0.1917149775785941
"2017-2019","Female","Black","Total","Respiratory diseases","25-100",34496,43825459,90.83625812794256,4.509058524490474,0.2855505446258291,0.3143574498892635
"2017-2019","Female","Black","Total","Total","25-100",475589,43825459,1240.7894469158248,7.123503106761545,0.9300249261652749,0.07495429047023221
"2017-2019","Female","Asian","Foreign-Born","All other causes","25-100",12835,18728299.259684812,82.20998212168652,4.409276731692744,0.38236781999567504,0.4651111825200222
"2017-2019","Female","Asian","Foreign-Born","Alzheimer disease and other dementias","25-100",8732,18728299.259684812,59.24951790096294,4.081757643289529,0.21709322650459348,0.36640505137522006
"2017-2019","Female","Asian","Foreign-Born","COVID-19","25-100",0,18728299.259684812,0,NA,0,NA
"2017-2019","Female","Asian","Foreign-Born","Circulatory diseases","25-100",28129,18728299.259684812,184.67461592564393,5.218595443681457,0.5079228973203203,0.2750366609804277
"2017-2019","Female","Asian","Foreign-Born","Diabetes","25-100",3825,18728299.259684812,24.740176024808726,3.208428481927257,0.21256686949632678,0.8591970779964174
"2017-2019","Female","Asian","Foreign-Born","External Causes","25-100",3720,18728299.259684812,22.183860788526733,3.099365032983957,0.21347046869033895,0.9622782559145147
"2017-2019","Female","Asian","Foreign-Born","Malignant Neoplasm","25-100",23508,18728299.259684812,143.83802871336627,4.9686878659114235,0.5669070821730786,0.39412879003144896
"2017-2019","Female","Asian","Foreign-Born","Respiratory diseases","25-100",6523,18728299.259684812,43.000530580382,3.761212454696088,0.24827091230378234,0.577367090482019
"2017-2019","Female","Asian","Foreign-Born","Total","25-100",87272,18728299.259684812,559.8967120553772,6.327752323959283,0.9166865515207888,0.1637242248048999
"2017-2019","Female","Asian","US-Born","All other causes","25-100",2904,4119899.7403151877,100.39243181485705,4.60908682408628,1.1924677833221276,1.1878064529020151
"2017-2019","Female","Asian","US-Born","Alzheimer disease and other dementias","25-100",2943,4119899.7403151877,84.47480435259833,4.436453316558587,0.6147284841421355,0.7277063129690781
"2017-2019","Female","Asian","US-Born","COVID-19","25-100",0,4119899.7403151877,0,NA,0,NA
"2017-2019","Female","Asian","US-Born","Circulatory diseases","25-100",6289,4119899.7403151877,212.4337827828606,5.358630329370255,1.5565068655915921,0.7327021367324505
"2017-2019","Female","Asian","US-Born","Diabetes","25-100",701,4119899.7403151877,26.866688948226408,3.290887190182581,0.6768928531754232,2.5194502176276097
"2017-2019","Female","Asian","US-Born","External Causes","25-100",1128,4119899.7403151877,31.013960968135166,3.434437456917117,0.6396835649708437,2.062566486196578
"2017-2019","Female","Asian","US-Born","Malignant Neoplasm","25-100",4158,4119899.7403151877,159.5344366532345,5.0722598027030665,1.6378501636270733,1.0266436501024034
"2017-2019","Female","Asian","US-Born","Respiratory diseases","25-100",1639,4119899.7403151877,55.73589368279893,4.0206243502119845,0.8177260124284285,1.467144345226123
"2017-2019","Female","Asian","US-Born","Total","25-100",19762,4119899.7403151877,670.451999202711,6.507952110603092,2.76792365818527,0.41284441861264237
"2017-2019","Female","Asian","Total","All other causes","25-100",15739,22848199,84.63241228443457,4.438317317168432,0.36600145422331704,0.4324601465845625
"2017-2019","Female","Asian","Total","Alzheimer disease and other dementias","25-100",11675,22848199,64.43730766523946,4.1656927769461785,0.20475801078732178,0.31776313785651533
"2017-2019","Female","Asian","Total","COVID-19","25-100",0,22848199,0,NA,0,NA
"2017-2019","Female","Asian","Total","Circulatory diseases","25-100",34418,22848199,188.3075249345435,5.238076397342289,0.4843430936288037,0.25720857081901716
"2017-2019","Female","Asian","Total","Diabetes","25-100",4526,22848199,24.665004087477225,3.2053854004054214,0.2040573900089694,0.8273154518250101
"2017-2019","Female","Asian","Total","External Causes","25-100",4848,22848199,23.77705571814112,3.1687210702304807,0.20397548083591274,0.8578668580916269
"2017-2019","Female","Asian","Total","Malignant Neoplasm","25-100",27666,22848199,145.86349191500884,4.982671197451952,0.5357244597628745,0.36727796155807674
"2017-2019","Female","Asian","Total","Respiratory diseases","25-100",8162,22848199,44.77494556887817,3.8016487322872576,0.23929955362469407,0.5344496806960377
"2017-2019","Female","Asian","Total","Total","25-100",107034,22848199,576.4577421737229,6.356902036369798,0.8725710131851813,0.15136773250626598
"2017-2019","Male","White","Foreign-Born","All other causes","25-100",27982,12359691.44298529,218.98992965457902,5.389025745446811,0.748774673947602,0.3419219665163016
"2017-2019","Male","White","Foreign-Born","Alzheimer disease and other dementias","25-100",12501,12359691.44298529,96.9776223487395,4.57448025445296,0.3546615055701885,0.365714787577279
"2017-2019","Male","White","Foreign-Born","COVID-19","25-100",0,12359691.44298529,0,NA,0,NA
"2017-2019","Male","White","Foreign-Born","Circulatory diseases","25-100",59984,12359691.44298529,468.6346933781517,6.1498235595648,0.9961850258101831,0.2125717621606686
"2017-2019","Male","White","Foreign-Born","Diabetes","25-100",4996,12359691.44298529,39.215676179749416,3.6690765694013336,0.3357777354838937,0.85623344589245165
"2017-2019","Male","White","Foreign-Born","External Causes","25-100",14495,12359691.44298529,115.83606861330689,4.752175989985762,0.6167151386386546,0.5324033748913058
"2017-2019","Male","White","Foreign-Born","Malignant Neoplasm","25-100",40632,12359691.44298529,319.1142437045387,5.765549169406571,0.9355226254828737,0.29316229028907115
"2017-2019","Male","White","Foreign-Born","Respiratory diseases","25-100",15425,12359691.44298529,120.74881803119442,4.793712503923237,0.5297210553823166,0.4386966796192305
"2017-2019","Male","White","Foreign-Born","Total","25-100",176015,12359691.44298529,1379.5170519102596,7.229488754516255,1.6571978015975508,0.12012883779165891
"2017-2019","Male","White","US-Born","All other causes","25-100",513432,200045375.5570147,250.4209011070829,5.5231431066173755,0.19600079602236722,0.07826854513975054
"2017-2019","Male","White","US-Born","Alzheimer disease and other dementias","25-100",208260,200045375.5570147,107.68274933369881,4.679189398015668,0.09193462424689786,0.08537544297090802
"2017-2019","Male","White","US-Born","COVID-19","25-100",0,200045375.5570147,0,NA,0,NA
"2017-2019","Male","White","US-Born","Circulatory diseases","25-100",969402,200045375.5570147,477.9062069221549,6.1694144934096995,0.2449987220882874,0.05126502199378103
"2017-2019","Male","White","US-Born","Diabetes","25-100",91769,200045375.5570147,43.93023844485353,3.7826028858093683,0.08677284055582404,0.19752417384383572
"2017-2019","Male","White","US-Born","External Causes","25-100",301610,200045375.5570147,152.6658266535611,5.028251393161687,0.17797834247425157,0.11658034176707482
"2017-2019","Male","White","US-Born","Malignant Neoplasm","25-100",696550,200045375.5570147,331.41244155169477,5.803363646688775,0.23039758162431728,0.06951989507261125
"2017-2019","Male","White","US-Born","Respiratory diseases","25-100",318873,200045375.5570147,155.45696535937236,5.046368943216414,0.14630282667202166,0.09411146443892757
"2017-2019","Male","White","US-Born","Total","25-100",3099896,200045375.5570147,1519.4753293724186,7.326120376208207,0.42561897621985384,0.02801091718913562
"2017-2019","Male","White","Total","All other causes","25-100",541414,212405067,248.5014921554131,5.515448850168205,0.18958942720996302,0.07629307396327165
"2017-2019","Male","White","Total","Alzheimer disease and other dementias","25-100",220761,212405067,107.02001525157209,4.673015875394568,0.08902566112988462,0.08318599181714924
"2017-2019","Male","White","Total","COVID-19","25-100",0,212405067,0,NA,0,NA
"2017-2019","Male","White","Total","Circulatory diseases","25-100",1029386,212405067,477.26964165516097,6.168081617662928,0.23778117422465836,0.04982113955541742
"2017-2019","Male","White","Total","Diabetes","25-100",96765,212405067,43.646797182949165,3.776129904632464,0.08399302109193821,0.1924379943386785
"2017-2019","Male","White","Total","External Causes","25-100",316105,212405067,150.41466652086763,5.013395923522377,0.17127882069700226,0.1138710902724636
"2017-2019","Male","White","Total","Malignant Neoplasm","25-100",737182,212405067,330.6708112083282,5.801123352434368,0.22364928774246867,0.06763502557882735
"2017-2019","Male","White","Total","Respiratory diseases","25-100",334298,212405067,153.41590082691079,5.0331525395385,0.14126206104761638,0.09207784870161093
"2017-2019","Male","White","Total","Total","25-100",3275911,212405067,1510.939324801202,7.320486805808771,0.41211459084654367,0.027275389824192087
"2017-2019","Male","Hispanic","Foreign-Born","All other causes","25-100",27760,26877194.86502124,164.93507432428402,5.105551907519758,0.5882830584522301,0.35667553482019737
"2017-2019","Male","Hispanic","Foreign-Born","Alzheimer disease and other dementias","25-100",7253,26877194.86502124,65.0241406200482,4.174758595100487,0.2881729336018937,0.4431783809120338
"2017-2019","Male","Hispanic","Foreign-Born","COVID-19","25-100",0,26877194.86502124,0,NA,0,NA
"2017-2019","Male","Hispanic","Foreign-Born","Circulatory diseases","25-100",45422,26877194.86502124,315.05805245223496,5.752756915344831,0.7642602912623925,0.24257760921005495
"2017-2019","Male","Hispanic","Foreign-Born","Diabetes","25-100",7425,26877194.86502124,48.22193070452247,3.8758139114479917,0.3415579454298442,0.7083041687458013
"2017-2019","Male","Hispanic","Foreign-Born","External Causes","25-100",18026,26877194.86502124,73.93031790018281,4.303122999575763,0.3747639799225395,0.5069151473533875
"2017-2019","Male","Hispanic","Foreign-Born","Malignant Neoplasm","25-100",33707,26877194.86502124,218.39856130612097,5.386321656422867,0.708276014568525,0.3243043408036747
"2017-2019","Male","Hispanic","Foreign-Born","Respiratory diseases","25-100",10150,26877194.86502124,77.06139602312474,4.344602455087963,0.38894385515186725,0.5047194512738287
"2017-2019","Male","Hispanic","Foreign-Born","Total","25-100",149743,26877194.86502124,962.6294733305183,6.869668574861231,1.2670253814910535,0.13162129527443017
"2017-2019","Male","Hispanic","US-Born","All other causes","25-100",33920,24673482.13497876,244.00274324618726,5.497179468042245,0.8102270937071636,0.3320565510567571
"2017-2019","Male","Hispanic","US-Born","Alzheimer disease and other dementias","25-100",7792,24673482.13497876,84.71372429060587,4.439277622659476,0.3766024746353443,0.4445589870933189
"2017-2019","Male","Hispanic","US-Born","COVID-19","25-100",0,24673482.13497876,0,NA,0,NA
"2017-2019","Male","Hispanic","US-Born","Circulatory diseases","25-100",45718,24673482.13497876,386.2530773974907,5.95649279555236,0.9658669167593515,0.25006063984452964
"2017-2019","Male","Hispanic","US-Born","Diabetes","25-100",8299,24673482.13497876,65.15805772721724,4.176815975542765,0.4417198832780684,0.6779205806399553
"2017-2019","Male","Hispanic","US-Born","External Causes","25-100",28227,24673482.13497876,119.01779263012618,4.7792729998350625,0.5107614081978175,0.4291471022195146
"2017-2019","Male","Hispanic","US-Born","Malignant Neoplasm","25-100",30359,24673482.13497876,245.70856384420088,5.504146133800469,0.8465280649649652,0.3445252585912034
"2017-2019","Male","Hispanic","US-Born","Respiratory diseases","25-100",10925,24673482.13497876,97.83056700973188,4.583237074320188,0.5055588382080239,0.5167698130153253
"2017-2019","Male","Hispanic","US-Born","Total","25-100",165240,24673482.13497876,1242.68452614556,7.125029258932349,1.6073928041159888,0.12934842031884358
"2017-2019","Male","Hispanic","Total","All other causes","25-100",61680,51550677,198.92371597932092,5.292921414444832,0.4832001644585714,0.24290726828610137
"2017-2019","Male","Hispanic","Total","Alzheimer disease and other dementias","25-100",15045,51550677,73.85276301070904,4.302073422098891,0.23150492470130832,0.3134681970771207
"2017-2019","Male","Hispanic","Total","COVID-19","25-100",0,51550677,0,NA,0,NA
"2017-2019","Male","Hispanic","Total","Circulatory diseases","25-100",91140,51550677,345.8600389312421,5.846034181461357,0.6020049432614903,0.17406027742371546
"2017-2019","Male","Hispanic","Total","Diabetes","25-100",15724,51550677,55.52609607599844,4.016853109810751,0.2719075344302323,0.4896932319140051
"2017-2019","Male","Hispanic","Total","External Causes","25-100",46253,51550677,94.29010810590222,4.546376286002564,0.30514251241560486,0.3236209169183295
"2017-2019","Male","Hispanic","Total","Malignant Neoplasm","25-100",64066,51550677,229.92420272830364,5.437749701253353,0.5428891625248903,0.23611657932610533
"2017-2019","Male","Hispanic","Total","Respiratory diseases","25-100",21075,51550677,86.13828732076004,4.455953996920295,0.31101695487407804,0.3610670290157027
"2017-2019","Male","Hispanic","Total","Total","25-100",314983,51550677,1084.5152121522365,6.988888357049362,0.9994513088343786,0.09215650436575737
"2017-2019","Male","Black","Foreign-Born","All other causes","25-100",6224,5084748.396595301,192.50445874336992,5.260119315762817,1.461515585740889,0.7592112906274309
"2017-2019","Male","Black","Foreign-Born","Alzheimer disease and other dementias","25-100",1493,5084748.396595301,70.1065852378691,4.250016730254208,0.7712971346959082,1.1001778678549596
"2017-2019","Male","Black","Foreign-Born","COVID-19","25-100",0,5084748.396595301,0,NA,0,NA
"2017-2019","Male","Black","Foreign-Born","Circulatory diseases","25-100",13072,5084748.396595301,443.4485134798646,6.094581703646056,2.112019433365472,0.47627162323577654
"2017-2019","Male","Black","Foreign-Born","Diabetes","25-100",1888,5084748.396595301,60.82280716180316,4.107964836425847,0.8653751744227584,1.4227807212525625
"2017-2019","Male","Black","Foreign-Born","External Causes","25-100",3540,5084748.396595301,76.67874574165575,4.339624560996922,0.8830509057632331,1.1516240872514891
"2017-2019","Male","Black","Foreign-Born","Malignant Neoplasm","25-100",8384,5084748.396595301,267.2711452234541,5.588263668284863,1.768978099543508,0.6618664719921563
"2017-2019","Male","Black","Foreign-Born","Respiratory diseases","25-100",2167,5084748.396595301,79.22992007606584,4.372354006218164,0.934769203608873,1.179818435650868
"2017-2019","Male","Black","Foreign-Born","Total","25-100",36768,5084748.396595301,1190.0621756640826,7.081760833197884,3.1661778782805903,0.2660514671440413
"2017-2019","Male","Black","US-Born","All other causes","25-100",83681,32622764.6034047,339.59347674450004,5.827749245608711,0.6851283042745322,0.20174954797203076
"2017-2019","Male","Black","US-Born","Alzheimer disease and other dementias","25-100",18863,32622764.6034047,109.40193657276271,4.695028591593205,0.3204963725402061,0.29295310721217943
"2017-2019","Male","Black","US-Born","COVID-19","25-100",0,32622764.6034047,0,NA,0,NA
"2017-2019","Male","Black","US-Born","Circulatory diseases","25-100",155318,32622764.6034047,660.7180661371383,6.4933272225959175,0.9128469445201135,0.1381598281180711
"2017-2019","Male","Black","US-Born","Diabetes","25-100",21171,32622764.6034047,86.303208605240755,4.4578667770649885,0.36324564611235666,0.4208947175693982
"2017-2019","Male","Black","US-Born","External Causes","25-100",60004,32622764.6034047,182.29042620459683,5.205601163600119,0.497403193023558,0.2728630369569101
"2017-2019","Male","Black","US-Born","Malignant Neoplasm","25-100",96969,32622764.6034047,408.8730489951094,6.013404714205731,0.7667609428687182,0.18753032139271414
"2017-2019","Male","Black","US-Born","Respiratory diseases","25-100",31437,32622764.6034047,141.46955832449154,4.952084558422367,0.4448795786506531,0.31447018278676175
"2017-2019","Male","Black","US-Born","Total","25-100",467443,32622764.6034047,1928.6497215838394,7.564575410924003,1.3943124902428878,0.07229474977435794
"2017-2019","Male","Black","Total","All other causes","25-100",89905,37707513,321.29162309489936,5.772349193870634,0.6266026973907363,0.19502615454298902
"2017-2019","Male","Black","Total","Alzheimer disease and other dementias","25-100",20356,37707513,105.0675301788819,4.654603287989473,0.297939892786241,0.2835699024037072
"2017-2019","Male","Black","Total","COVID-19","25-100",0,37707513,0,NA,0,NA
"2017-2019","Male","Black","Total","Circulatory diseases","25-100",168390,37707513,633.3572168372485,6.451034586571043,0.8401926049624885,0.13265698765668124
"2017-2019","Male","Black","Total","Diabetes","25-100",23059,37707513,83.01064079862456,4.418968801972441,0.3350426561404135,0.4036141064772566
"2017-2019","Male","Black","Total","External Causes","25-100",63544,37707513,167.78655150991253,5.12269264487317,0.44547105850010915,0.2654986674982658
"2017-2019","Male","Black","Total","Malignant Neoplasm","25-100",105353,37707513,391.9266764472076,5.971074772414879,0.7072706199353647,0.1804599335637807
"2017-2019","Male","Black","Total","Respiratory diseases","25-100",33604,37707513,134.1043039040391,4.898617884508171,0.4076748370953723,0.30399832460790505
"2017-2019","Male","Black","Total","Total","25-100",504211,37707513,1836.5445427708137,7.515641119128848,1.281503483726987,0.06977796910896425
"2017-2019","Male","Asian","Foreign-Born","All other causes","25-100",13671,15661472.350301605,116.70956109119204,4.759688464738518,0.5315814448584183,0.455473776002861
"2017-2019","Male","Asian","Foreign-Born","Alzheimer disease and other dementias","25-100",4251,15661472.350301605,44.338154593218725,3.791845583863746,0.23371016548964768,0.5271084636557977
"2017-2019","Male","Asian","Foreign-Born","COVID-19","25-100",0,15661472.350301605,0,NA,0,NA
"2017-2019","Male","Asian","Foreign-Born","Circulatory diseases","25-100",29531,15661472.350301605,259.83300129820424,5.560039121951564,0.7557050760715434,0.2908426074808867
"2017-2019","Male","Asian","Foreign-Born","Diabetes","25-100",4045,15661472.350301605,34.569068901945926,3.5429593198695106,0.3024913970010796,0.8750348407100199
"2017-2019","Male","Asian","Foreign-Born","External Causes","25-100",6507,15661472.350301605,47.17304091392616,3.8538225623356213,0.3565976497780781,0.7559352606263833
"2017-2019","Male","Asian","Foreign-Born","Malignant Neoplasm","25-100",23604,15661472.350301605,194.51303258710539,5.270499166402957,0.7319157879686984,0.3762811047845533
"2017-2019","Male","Asian","Foreign-Born","Respiratory diseases","25-100",7652,15661472.350301605,72.22065094294977,4.279726029142253,0.38122481274187403,0.5278612249604618
"2017-2019","Male","Asian","Foreign-Born","Total","25-100",89261,15661472.350301605,769.3565103285422,6.645554464583061,1.2598780144649073,0.1637573735389456
"2017-2019","Male","Asian","US-Born","All other causes","25-100",3288,4224478.649698395,141.62756701370918,4.953200844611685,1.515532894831124,1.0700832661232007
"2017-2019","Male","Asian","US-Born","Alzheimer disease and other dementias","25-100",1463,4224478.649698395,66.74917510730087,4.20094193926094,0.6975323448961357,1.0450051911126033
"2017-2019","Male","Asian","US-Born","COVID-19","25-100",0,4224478.649698395,0,NA,0,NA
"2017-2019","Male","Asian","US-Born","Circulatory diseases","25-100",7730,4224478.649698395,349.80449736741275,5.85737441946987,2.26297532402656,0.646925737392585
"2017-2019","Male","Asian","US-Born","Diabetes","25-100",1017,4224478.649698395,46.482957694462165,3.8390857442209714,0.9308407135804556,2.0025419202000414
"2017-2019","Male","Asian","US-Born","External Causes","25-100",2719,4224478.649698395,73.42893187028355,4.296318025127074,1.0333933350806526,1.407338100608901
"2017-2019","Male","Asian","US-Born","Malignant Neoplasm","25-100",4403,4224478.649698395,206.65390704701437,5.331045447369938,1.9476899497938673,0.9424888102167661
"2017-2019","Male","Asian","US-Born","Respiratory diseases","25-100",1886,4224478.649698395,88.43982511600036,4.482322378556268,1.1240224494023519,1.2709460335635556
"2017-2019","Male","Asian","US-Born","Total","25-100",22506,4224478.649698395,973.1868612161833,6.88057611021834,3.5791914834381418,0.3677804978753265
"2017-2019","Male","Asian","Total","All other causes","25-100",16959,19885951,120.48950681018597,4.791562668725596,0.5031071166970968,0.4175526400731894
"2017-2019","Male","Asian","Total","Alzheimer disease and other dementias","25-100",5714,19885951,48.81518277809885,3.888041386972558,0.22255306278836717,0.4559095144640462
"2017-2019","Male","Asian","Total","COVID-19","25-100",0,19885951,0,NA,0,NA
"2017-2019","Male","Asian","Total","Circulatory diseases","25-100",37261,19885951,274.10787582280875,5.613521736288169,0.7214567585875339,0.26320176186907684
"2017-2019","Male","Asian","Total","Diabetes","25-100",5062,19885951,36.21262601590872,3.5894078429902416,0.290395776000065,0.8019185790958381
"2017-2019","Male","Asian","Total","External Causes","25-100",9226,19885951,52.43212146409242,3.9595194085560874,0.34058583866543884,0.6495747819372242
"2017-2019","Male","Asian","Total","Malignant Neoplasm","25-100",28007,19885951,196.1609253217012,5.27893536991505,0.6849292273623945,0.34916700471264606
"2017-2019","Male","Asian","Total","Respiratory diseases","25-100",9538,19885951,74.73547953133833,4.31395493963973,0.3629076913922117,0.4855895669205361
"2017-2019","Male","Asian","Total","Total","25-100",111767,19885951,802.9537177441342,6.688297075603431,1.1927902379749213,0.14855031013817546
"2020","Female","White","Foreign-Born","All other causes","25-100",9854,4499840.5317038745,154.84958658594047,5.0424542366445175,0.9545603728534785,0.6164436043383971
"2020","Female","White","Foreign-Born","Alzheimer disease and other dementias","25-100",10986,4499840.5317038745,141.92839085065324,4.955322640620271,0.5580610986274172,0.39319905995034304
"2020","Female","White","Foreign-Born","COVID-19","25-100",7509,4499840.5317038745,109.04957363055743,4.6918025827872425,0.7078053539696023,0.6490675115957207
"2020","Female","White","Foreign-Born","Circulatory diseases","25-100",22546,4499840.5317038745,319.0368318939002,5.765306556602242,1.1137174072995535,0.34908740808645394
"2020","Female","White","Foreign-Born","Diabetes","25-100",1562,4499840.5317038745,25.160719425567127,3.2252840254443895,0.4046131818327679,1.608114517670028
"2020","Female","White","Foreign-Born","External Causes","25-100",2748,4499840.5317038745,50.28638613796303,3.917734387151659,0.6423801654141807,1.2774434886845538
"2020","Female","White","Foreign-Born","Malignant Neoplasm","25-100",13090,4499840.5317038745,224.86479926888148,5.41549932945808,1.278272154852652,0.5684625423849295
"2020","Female","White","Foreign-Born","Respiratory diseases","25-100",5149,4499840.5317038745,77.11912101476241,4.345351252607181,0.6349474800461191,0.8233333986321956
"2020","Female","White","Foreign-Born","Total","25-100",73444,4499840.5317038745,1102.2954088082254,7.005150019858741,2.2039304952618886,0.19994009569945717
"2020","Female","White","US-Born","All other causes","25-100",175488,70724227.46829613,198.40589838642848,5.290314924179157,0.2837762092874281,0.14302811135923324
"2020","Female","White","US-Born","Alzheimer disease and other dementias","25-100",157788,70724227.46829613,157.49321575128673,5.059382382742946,0.16064208327370821,0.10199936708854443
"2020","Female","White","US-Born","COVID-19","25-100",91738,70724227.46829613,96.74546533856547,4.572083460925835,0.17006873797275893,0.17578988056710987
"2020","Female","White","US-Born","Circulatory diseases","25-100",310138,70724227.46829613,328.16051215978314,5.793502855024288,0.30278625389117164,0.09226772956270357
"2020","Female","White","US-Born","Diabetes","25-100",25353,70724227.46829613,28.75844525607782,3.358931472145341,0.11280474964829003,0.39224912419230945
"2020","Female","White","US-Born","External Causes","25-100",56581,70724227.46829613,74.50603797926348,4.310880168802931,0.20600940100427262,0.27650027647639663
"2020","Female","White","US-Born","Malignant Neoplasm","25-100",202550,70724227.46829613,232.79970737264426,5.450178458866133,0.3259444540877379,0.14001068032529618
"2020","Female","White","US-Born","Respiratory diseases","25-100",105597,70724227.46829613,115.21308895230014,4.746783361185203,0.2084966321051596,0.18096609855802076
"2020","Female","White","US-Born","Total","25-100",1125233,70724227.46829613,1232.0823711963494,7.1164610015957495,0.6068109284915011,0.049250840907843596
"2020","Female","White","Total","All other causes","25-100",185342,75224068,195.70166076334894,5.276591360637606,0.2726863706406215,0.13933779078674546
"2020","Female","White","Total","Alzheimer disease and other dementias","25-100",168774,75224068,156.44396004113224,5.0526978630489845,0.1545260483423214,0.09877405832842215
"2020","Female","White","Total","COVID-19","25-100",99247,75224068,97.55650181781205,4.580431715978858,0.1652513938867754,0.16939044636449183
"2020","Female","White","Total","Circulatory diseases","25-100",332684,75224068,327.74570471610645,5.792238017191362,0.29216966735932687,0.08914523154846665
"2020","Female","White","Total","Diabetes","25-100",26915,75224068,28.54573902400147,3.351507678869193,0.10871952665244088,0.3808607882284242
"2020","Female","White","Total","External Causes","25-100",59329,75224068,72.99863835867028,4.290440788353473,0.1973041429290512,0.2702846893658761
"2020","Female","White","Total","Malignant Neoplasm","25-100",215640,75224068,232.30874903183854,5.448067301709583,0.3156549412002289,0.13587733674075597
"2020","Female","White","Total","Respiratory diseases","25-100",110746,75224068,112.85349117449243,4.7260904392005525,0.1996259725404795,0.1768894966942766
"2020","Female","White","Total","Total","25-100",1198677,75224068,1224.1544449274022,7.110005635608426,0.5852926571883933,0.04781199460686546
"2020","Female","Hispanic","Foreign-Born","All other causes","25-100",8593,9159254.476805642,122.39368058832756,4.807242739565063,0.7454871898051338,0.6090896084027311
"2020","Female","Hispanic","Foreign-Born","Alzheimer disease and other dementias","25-100",6162,9159254.476805642,95.82961223925385,4.562571742007652,0.46013184979055816,0.48015622628396526
"2020","Female","Hispanic","Foreign-Born","COVID-19","25-100",15173,9159254.476805642,216.7257066549603,5.378632529355965,1.0205827652320236,0.47090988004337186
"2020","Female","Hispanic","Foreign-Born","Circulatory diseases","25-100",16021,9159254.476805642,239.8366925493149,5.479958244021188,0.8966617292989233,0.37386344840231356
"2020","Female","Hispanic","Foreign-Born","Diabetes","25-100",2835,9159254.476805642,41.21385436297209,3.7187744707750023,0.44925415210182484,1.090056145065262
"2020","Female","Hispanic","Foreign-Born","External Causes","25-100",1938,9159254.476805642,24.057378042359314,3.1804417288126996,0.33523324885871086,1.3934737537417625
"2020","Female","Hispanic","Foreign-Born","Malignant Neoplasm","25-100",11715,9159254.476805642,159.60475717766678,5.072700491449104,0.9103829913891953,0.5703984063431059
"2020","Female","Hispanic","Foreign-Born","Respiratory diseases","25-100",3583,9159254.476805642,53.38624100221256,3.977553053631735,0.46465811810732166,0.8703705475125402
"2020","Female","Hispanic","Foreign-Born","Total","25-100",66020,9159254.476805642,953.0479226170673,6.859665188451881,1.8222686399498356,0.1912043032364931
"2020","Female","Hispanic","US-Born","All other causes","25-100",10269,8708345.52319436,174.4179475635614,5.1614544165214955,1.0285073589959892,0.589679773992972
"2020","Female","Hispanic","US-Born","Alzheimer disease and other dementias","25-100",6218,8708345.52319436,121.58670100208344,4.800627596791904,0.6093060924890115,0.5011288960612318
"2020","Female","Hispanic","US-Born","COVID-19","25-100",9143,8708345.52319436,164.6625978319353,5.103898518691867,1.0058271799781104,0.6108413162561173
"2020","Female","Hispanic","US-Born","Circulatory diseases","25-100",14194,8708345.52319436,263.45937372529505,5.573899176683905,1.1242189509168672,0.4267143487895302
"2020","Female","Hispanic","US-Born","Diabetes","25-100",2838,8708345.52319436,50.794819060218146,3.9277943623798284,0.5829212917164094,1.1475998979843713
"2020","Female","Hispanic","US-Born","External Causes","25-100",3910,8708345.52319436,48.123567775467635,3.873772031655332,0.5100817789247196,1.059941734379778
"2020","Female","Hispanic","US-Born","Malignant Neoplasm","25-100",9255,8708345.52319436,161.95910908120803,5.087343890291878,1.050715421347285,0.648753520137262
"2020","Female","Hispanic","US-Born","Respiratory diseases","25-100",3737,8708345.52319436,68.57653060831906,4.227950356783383,0.6328354801598733,0.9228164133504644
"2020","Female","Hispanic","US-Born","Total","25-100",59564,8708345.52319436,1053.580646648088,6.959949781475329,2.2066572285906907,0.2094435993685966
"2020","Female","Hispanic","Total","All other causes","25-100",18862,17867600,145.0876531179859,4.977338064043445,0.6134123944693541,0.4227874538507591
"2020","Female","Hispanic","Total","Alzheimer disease and other dementias","25-100",12380,17867600,107.2173808847447,4.674858370613111,0.37146720529333455,0.3464617417698816
"2020","Female","Hispanic","Total","COVID-19","25-100",24316,17867600,193.92814948072305,5.2674877269604,0.7233840980813194,0.37301655278942664
"2020","Female","Hispanic","Total","Circulatory diseases","25-100",30215,17867600,249.99538888323642,5.521442473225091,0.7036777415397302,0.2814762882960181
"2020","Female","Hispanic","Total","Diabetes","25-100",5673,17867600,45.38949941276993,3.8152807878279145,0.35867841651450777,0.7902233361348701
"2020","Female","Hispanic","Total","External Causes","25-100",5848,17867600,35.35490596439287,3.565437165298541,0.29346399230332865,0.830051683913079
"2020","Female","Hispanic","Total","Malignant Neoplasm","25-100",20970,17867600,160.53613117440165,5.078519033586599,0.6871064288391854,0.42800734252947303
"2020","Female","Hispanic","Total","Respiratory diseases","25-100",7320,17867600,59.96467597780238,4.093755655147071,0.38005462222532044,0.6337975083297513
"2020","Female","Hispanic","Total","Total","25-100",125584,17867600,997.4737848960567,6.905225867612714,1.4064059264341109,0.14099678084077846
"2020","Female","Black","Foreign-Born","All other causes","25-100",2188,1957554.9981041986,141.65810297324606,4.9534164288285405,1.734883211511012,1.224697475892831
"2020","Female","Black","Foreign-Born","Alzheimer disease and other dementias","25-100",1130,1957554.9981041986,85.17457872888482,4.444703017586866,1.0242597437230903,1.2025416022113393
"2020","Female","Black","Foreign-Born","COVID-19","25-100",2972,1957554.9981041986,202.5214284855986,5.310845700630055,2.076703300588471,1.0254239840778856
"2020","Female","Black","Foreign-Born","Circulatory diseases","25-100",4938,1957554.9981041986,344.46778388355597,5.842000570503373,2.4658473262331007,0.7158426539727316
"2020","Female","Black","Foreign-Born","Diabetes","25-100",822,1957554.9981041986,55.50402701721039,4.016455576988777,1.1144671185846928,2.0079031711322943
"2020","Female","Black","Foreign-Born","External Causes","25-100",494,1957554.9981041986,27.56379833590526,3.3165032572552122,0.7951527718332031,2.884772128075753
"2020","Female","Black","Foreign-Born","Malignant Neoplasm","25-100",3192,1957554.9981041986,199.76026392183954,5.297117967165276,2.2078165641115493,1.1052331033039706
"2020","Female","Black","Foreign-Born","Respiratory diseases","25-100",756,1957554.9981041986,52.125925214779315,3.953662429885261,1.0486276303193547,2.0117199378209527
"2020","Female","Black","Foreign-Born","Total","25-100",16492,1957554.9981041986,1108.7759085610198,7.011011900711336,4.270397884460464,0.3851452625808427
"2020","Female","Black","US-Born","All other causes","25-100",32352,13047962.0018958,268.69007214634235,5.593558567214047,0.8810537570207666,0.3279070752345846
"2020","Female","Black","US-Born","Alzheimer disease and other dementias","25-100",16548,13047962.0018958,145.9406836710376,4.983200262930021,0.455762922629827,0.31229326269099467
"2020","Female","Black","US-Born","COVID-19","25-100",23537,13047962.0018958,199.0785720057907,5.293699580997934,0.741454216111627,0.37244300511159983
"2020","Female","Black","US-Born","Circulatory diseases","25-100",56276,13047962.0018958,476.4808574969689,6.166427549143473,1.080644291920425,0.22679700032383768
"2020","Female","Black","US-Born","Diabetes","25-100",8535,13047962.0018958,71.24648235351252,4.26614544745298,0.47100873279291844,0.6610975268306664
"2020","Female","Black","US-Born","External Causes","25-100",9221,13047962.0018958,70.95081728797932,4.261986922750126,0.4848586533413904,0.6833728938927056
"2020","Female","Black","US-Born","Malignant Neoplasm","25-100",31900,13047962.0018958,265.07063402943294,5.579996333977107,0.9166859649002896,0.345827054081933
"2020","Female","Black","US-Born","Respiratory diseases","25-100",11978,13047962.0018958,100.70741451365411,4.612219426742423,0.5424427959476125,0.5386324319487588
"2020","Female","Black","US-Born","Total","25-100",190347,13047962.0018958,1598.1655335047185,7.376611708886717,1.8501045268194258,0.11576426146309227
"2020","Female","Black","Total","All other causes","25-100",34540,15005517,253.44979900687125,5.535165771889325,0.8015250803098628,0.3162460903305482
"2020","Female","Black","Total","Alzheimer disease and other dementias","25-100",17678,15005517,139.5845811103673,4.938670733729365,0.42192611779273637,0.3022727255663905
"2020","Female","Black","Total","COVID-19","25-100",26509,15005517,199.1025905107378,5.293820222089162,0.696332209076617,0.3497353837990687
"2020","Female","Black","Total","Circulatory diseases","25-100",61214,15005517,460.3689627215309,6.132028260851452,0.9938967579548197,0.21589134768757431
"2020","Female","Black","Total","Diabetes","25-100",9357,15005517,69.19612789456406,4.236944905777203,0.4342966514299432,0.6276314363885972
"2020","Female","Black","Total","External Causes","25-100",9715,15005517,65.17537081233239,4.177081649290644,0.43271535656366333,0.6639246561552137
"2020","Female","Black","Total","Malignant Neoplasm","25-100",35092,15005517,257.57016363742764,5.551292163133168,0.8491772723433771,0.3296877481270439
"2020","Female","Black","Total","Respiratory diseases","25-100",12734,15005517,95.01784710718984,4.554064738242465,0.4938893549628089,0.5197858823360323
"2020","Female","Black","Total","Total","25-100",206839,15005517,1539.465442801021,7.339190520085024,1.703401912295596,0.11064892169299341
"2020","Female","Asian","Foreign-Born","All other causes","25-100",5092,6475189.41566935,87.88027246424247,4.475975347924011,0.662111193959672,0.7534241478701353
"2020","Female","Asian","Foreign-Born","Alzheimer disease and other dementias","25-100",3895,6475189.41566935,69.6336568782423,4.243248026292074,0.38418322941809674,0.5517205998384647
"2020","Female","Asian","Foreign-Born","COVID-19","25-100",5055,6475189.41566935,87.86323197587551,4.475781423392068,0.6372035788740422,0.7252221031989791
"2020","Female","Asian","Foreign-Born","Circulatory diseases","25-100",11200,6475189.41566935,196.59772098536342,5.281159615506321,0.8595484837890781,0.4372118249799401
"2020","Female","Asian","Foreign-Born","Diabetes","25-100",1565,6475189.41566935,27.219918655817654,3.3039490088212666,0.36854042835214473,1.3539365529050815
"2020","Female","Asian","Foreign-Born","External Causes","25-100",1300,6475189.41566935,21.558191915991102,3.070755879629446,0.34803184292878053,1.6143832668574716
"2020","Female","Asian","Foreign-Born","Malignant Neoplasm","25-100",8465,6475189.41566935,142.74792625973546,4.961080321353441,0.9462942135485091,0.6629127570138494
"2020","Female","Asian","Foreign-Born","Respiratory diseases","25-100",2170,6475189.41566935,38.104292478764656,3.640326939271238,0.39276232026596725,1.0307561030948202
"2020","Female","Asian","Foreign-Born","Total","25-100",38742,6475189.41566935,671.6052116140324,6.509670685170348,1.645254076162252,0.24497339325409673
"2020","Female","Asian","US-Born","All other causes","25-100",1116,1416388.5843306493,110.1989405522561,4.702287282809226,2.092268351739969,1.898628372700026
"2020","Female","Asian","US-Born","Alzheimer disease and other dementias","25-100",1192,1416388.5843306493,100.7094387020462,4.612239526236183,1.1450256857435572,1.1369596539319138
"2020","Female","Asian","US-Born","COVID-19","25-100",475,1416388.5843306493,47.01247592274908,3.8504130116505983,1.3487991171855724,2.8690237872217574
"2020","Female","Asian","US-Born","Circulatory diseases","25-100",2288,1416388.5843306493,224.78483716265882,5.415143665400615,2.7097718102832826,1.2054958174614054
"2020","Female","Asian","US-Born","Diabetes","25-100",299,1416388.5843306493,31.93365840939659,3.4636605760918573,1.198409914732099,3.7528112168302736
"2020","Female","Asian","US-Born","External Causes","25-100",424,1416388.5843306493,32.795296039941384,3.4902850916889894,1.078852679153495,3.289656778336626
"2020","Female","Asian","US-Born","Malignant Neoplasm","25-100",1384,1416388.5843306493,155.6569242794776,5.04765438211386,2.7669201276014492,1.7775759995318436
"2020","Female","Asian","US-Born","Respiratory diseases","25-100",451,1416388.5843306493,46.684126457405256,3.8434042023418558,1.3622185537343174,2.917948041669388
"2020","Female","Asian","US-Born","Total","25-100",7629,1416388.5843306493,749.775697525931,6.61977409183459,4.92832133404976,0.6573060917167581
"2020","Female","Asian","Total","All other causes","25-100",6208,7891578,91.08049288686331,4.511743652762619,0.634929347639247,0.6971079399273035
"2020","Female","Asian","Total","Alzheimer disease and other dementias","25-100",5087,7891578,75.36463985159511,4.322338197528791,0.36461870628775384,0.4838060753766563
"2020","Female","Asian","Total","COVID-19","25-100",5530,7891578,81.88540094201396,4.405320720293506,0.5862042729627075,0.715883742668391
"2020","Female","Asian","Total","Circulatory diseases","25-100",13488,7891578,200.04668064708252,5.298550742549152,0.8226735969029381,0.4112408135150609
"2020","Female","Asian","Total","Diabetes","25-100",1864,7891578,27.687009103362495,3.320963317747049,0.35487625991285215,1.2817428512701057
"2020","Female","Asian","Total","External Causes","25-100",1724,7891578,23.645978610731344,3.1631930628786984,0.336252683009538,1.4220290415763768
"2020","Female","Asian","Total","Malignant Neoplasm","25-100",9849,7891578,144.22879626719592,4.971400901635305,0.8950477342844075,0.6205749180810306
"2020","Female","Asian","Total","Respiratory diseases","25-100",2621,7891578,38.96236735581465,3.662596240681235,0.3814336956781509,0.978979773469095
"2020","Female","Asian","Total","Total","25-100",46371,7891578,682.9013656646594,6.526350435766859,1.564584678090559,0.22910844182713977
"2020","Male","White","Foreign-Born","All other causes","25-100",10620,4125766.17547924,240.27860351651364,5.481799098064429,1.348617099410614,0.5612722396723633
"2020","Male","White","Foreign-Born","Alzheimer disease and other dementias","25-100",4834,4125766.17547924,107.19815040003452,4.6746789947568335,0.6322584691375044,0.5898035243873954
"2020","Male","White","Foreign-Born","COVID-19","25-100",9028,4125766.17547924,202.49006392346996,5.310690818298174,1.1792321602993712,0.5823654442348616
"2020","Male","White","Foreign-Born","Circulatory diseases","25-100",22182,4125766.17547924,498.6487549543526,6.211901950012017,1.7630855403385908,0.35357263460930277
"2020","Male","White","Foreign-Born","Diabetes","25-100",2061,4125766.17547924,46.555996773787975,3.840655819782279,0.6205225748476298,1.33285208748231
"2020","Male","White","Foreign-Born","External Causes","25-100",5402,4125766.17547924,128.5378651100718,4.856223531045853,1.1257641201398523,0.87582294849523
"2020","Male","White","Foreign-Born","Malignant Neoplasm","25-100",13669,4125766.17547924,308.5024258220911,5.731729706595211,1.5596560906834946,0.5055571561641223
"2020","Male","White","Foreign-Born","Respiratory diseases","25-100",5137,4125766.17547924,115.25487522165773,4.747145982254603,0.8947488708891671,0.7763219292618986
"2020","Male","White","Foreign-Born","Total","25-100",72933,4125766.17547924,1647.4667357219794,7.406994075412268,3.033220497738682,0.18411421802755945
"2020","Male","White","US-Born","All other causes","25-100",188829,66987421.82452076,268.7334884295606,5.593720139152822,0.35180052212610374,0.13091056279661117
"2020","Male","White","US-Born","Alzheimer disease and other dementias","25-100",76991,66987421.82452076,114.73797189441329,4.7426510233543855,0.1605807601317891,0.1399543302713789
"2020","Male","White","US-Born","COVID-19","25-100",101186,66987421.82452076,143.76204733200288,4.968159483692782,0.23238255394285862,0.16164388185582546
"2020","Male","White","US-Born","Circulatory diseases","25-100",341429,66987421.82452076,488.85175015377814,6.192059274090057,0.42697922020825657,0.08734329376420187
"2020","Male","White","US-Born","Diabetes","25-100",34953,66987421.82452076,48.772421096115025,3.887165011633415,0.15665474009754188,0.3211953324786254
"2020","Male","White","US-Born","External Causes","25-100",110813,66987421.82452076,167.60166871022957,5.121590144503367,0.32406569427599985,0.19335469435944852
"2020","Male","White","US-Born","Malignant Neoplasm","25-100",232598,66987421.82452076,321.2151811997948,5.772111244965022,0.38705168547894303,0.12049607494678095
"2020","Male","White","US-Born","Respiratory diseases","25-100",103481,66987421.82452076,145.2852305769276,4.9786989176253575,0.24460556297192979,0.16836230496424254
"2020","Male","White","US-Born","Total","25-100",1190280,66987421.82452076,1698.9597593928218,7.437771436513761,0.7628050306253445,0.04489835773967699
"2020","Male","White","Total","All other causes","25-100",199449,71113188,266.9700971063763,5.587136656271976,0.34031589512384336,0.12747341324457093
"2020","Male","White","Total","Alzheimer disease and other dementias","25-100",81825,71113188,114.26369780987011,4.738508915890707,0.1556369780831789,0.13620859561376367
"2020","Male","White","Total","COVID-19","25-100",110214,71113188,147.14561211547084,4.991422655107943,0.2290025124483795,0.15562986157458258
"2020","Male","White","Total","Circulatory diseases","25-100",363611,71113188,489.29131875668565,6.192958055968638,0.41470490417238937,0.08475623586091324
"2020","Male","White","Total","Diabetes","25-100",37014,71113188,48.63903747786179,3.884426448766837,0.1518275420030367,0.312151617046578
"2020","Male","White","Total","External Causes","25-100",116215,71113188,165.22868929819307,5.107330510041671,0.3119126114641159,0.1887763031886055
"2020","Male","White","Total","Malignant Neoplasm","25-100",246267,71113188,320.44739493949334,5.769718128535053,0.37554078275684333,0.1171926464959257
"2020","Male","White","Total","Respiratory diseases","25-100",108618,71113188,143.4928551051951,4.966285243752402,0.23623032156857102,0.1646286300425131
"2020","Male","White","Total","Total","25-100",1263213,71113188,1695.4787026091462,7.435720400359787,0.7393459387797809,0.04360691394365572
"2020","Male","Hispanic","Foreign-Born","All other causes","25-100",11873,9153335.018520897,192.67640462888963,5.261012121783531,1.0574548051109423,0.5488242357167116
"2020","Male","Hispanic","Foreign-Born","Alzheimer disease and other dementias","25-100",3110,9153335.018520897,75.57603999918167,4.325139301724416,0.5173578145472715,0.6845526896525319
"2020","Male","Hispanic","Foreign-Born","COVID-19","25-100",28457,9153335.018520897,478.68761269364603,6.171048219091946,1.6791463743267527,0.3507812464329184
"2020","Male","Hispanic","Foreign-Born","Circulatory diseases","25-100",19144,9153335.018520897,361.4543408500237,5.890135728919146,1.3607331414724726,0.3764605892607261
"2020","Male","Hispanic","Foreign-Born","Diabetes","25-100",3587,9153335.018520897,63.62451810140807,4.1529989007973365,0.6466997639965705,1.016431689063368
"2020","Male","Hispanic","Foreign-Born","External Causes","25-100",7525,9153335.018520897,88.44146840818547,4.482340959290866,0.6879106093979566,0.7778145498704642
"2020","Male","Hispanic","Foreign-Born","Malignant Neoplasm","25-100",11951,9153335.018520897,212.1629998528925,5.357354846475648,1.1644247327153883,0.5488349681720025
"2020","Male","Hispanic","Foreign-Born","Respiratory diseases","25-100",4187,9153335.018520897,83.56020814221984,4.425567427616568,0.6751671967418187,0.8080008556138123
"2020","Male","Hispanic","Foreign-Born","Total","25-100",89834,9153335.018520897,1556.183592676447,7.349991687930005,2.5655307378099006,0.16486041556301842
"2020","Male","Hispanic","US-Born","All other causes","25-100",13255,8737257.981479103,258.65996583541516,5.555514325904105,1.3593653933754883,0.5255414725603303
"2020","Male","Hispanic","US-Born","Alzheimer disease and other dementias","25-100",3039,8737257.981479103,92.63970795100543,4.528717861304663,0.625879010599099,0.6756055523513836
"2020","Male","Hispanic","US-Born","COVID-19","25-100",12212,8737257.981479103,268.0119555493061,5.591031589774453,1.396996347465269,0.521244040998859
"2020","Male","Hispanic","US-Born","Circulatory diseases","25-100",17584,8737257.981479103,406.1778724702588,6.00679117319243,1.6103290332231277,0.39645907430396504
"2020","Male","Hispanic","US-Born","Diabetes","25-100",3506,8737257.981479103,74.19329007180532,4.306673715785149,0.7708808041232184,1.039016875214927
"2020","Male","Hispanic","US-Born","External Causes","25-100",12347,8737257.981479103,141.47522430422862,4.9521246084963435,0.9055890610652547,0.6401043472586225
"2020","Male","Hispanic","US-Born","Malignant Neoplasm","25-100",10362,8737257.981479103,229.95916118426098,5.4379017330891095,1.3408825173336496,0.5830959333945523
"2020","Male","Hispanic","US-Born","Respiratory diseases","25-100",4045,8737257.981479103,97.72901176971249,4.582198462457938,0.827197414480638,0.8464195017441047
"2020","Male","Hispanic","US-Born","Total","25-100",76350,8737257.981479103,1568.8461891359927,7.358095716784258,2.8783590877709284,0.18346980779270153
"2020","Male","Hispanic","Total","All other causes","25-100",25128,17890593,221.23120658865287,5.399208338308075,0.8390281785771453,0.3792539902099778
"2020","Male","Hispanic","Total","Alzheimer disease and other dementias","25-100",6149,17890593,83.09196495693998,4.419948005934275,0.4003315193479248,0.4817932992141721
"2020","Male","Hispanic","Total","COVID-19","25-100",40669,17890593,385.8088858404258,5.955342132452181,1.1243504423353616,0.2914267876143225
"2020","Male","Hispanic","Total","Circulatory diseases","25-100",36728,17890593,380.61173613026176,5.941779790251746,1.03843821694652,0.2728339981064382
"2020","Male","Hispanic","Total","Diabetes","25-100",7093,17890593,68.13939403268014,4.221555519218229,0.4948876560630589,0.7262871398969402
"2020","Male","Hispanic","Total","External Causes","25-100",19872,17890593,112.77650931868276,4.725408066655868,0.5492786996436431,0.4870506304566465
"2020","Male","Hispanic","Total","Malignant Neoplasm","25-100",22313,17890593,219.75817523607293,5.39252773831276,0.8778648725775843,0.3994685847907806
"2020","Male","Hispanic","Total","Respiratory diseases","25-100",8232,17890593,89.72060899292084,4.496700497334286,0.5243087312022411,0.5843793717936202
"2020","Male","Hispanic","Total","Total","25-100",166184,17890593,1561.138481096637,7.353170629647052,1.9105695228365047,0.12238309067203357
"2020","Male","Black","Foreign-Born","All other causes","25-100",2634,1766231.9878944033,228.4824762256108,5.431459516914667,2.681483586380042,1.1736057971169134
"2020","Male","Black","Foreign-Born","Alzheimer disease and other dementias","25-100",652,1766231.9878944033,81.16088514777522,4.3964334211053275,1.47488997727495,1.817242350905262
"2020","Male","Black","Foreign-Born","COVID-19","25-100",4658,1766231.9878944033,437.98880669634525,6.0821933545621025,3.6293095028071174,0.8286306515872434
"2020","Male","Black","Foreign-Born","Circulatory diseases","25-100",5918,1766231.9878944033,556.1737235321523,6.321080697843455,3.9062550633841364,0.702344411126844
"2020","Male","Black","Foreign-Born","Diabetes","25-100",907,1766231.9878944033,82.73050733003794,4.415588425542021,1.6281857706815879,1.9680596955440444
"2020","Male","Black","Foreign-Born","External Causes","25-100",1591,1766231.9878944033,95.31558189359589,4.5571933009003125,1.6258271433301767,1.7057307011409155
"2020","Male","Black","Foreign-Born","Malignant Neoplasm","25-100",2964,1766231.9878944033,260.6516160982871,5.563184711456881,2.9013022464371123,1.1130958211067001
"2020","Male","Black","Foreign-Born","Respiratory diseases","25-100",965,1766231.9878944033,94.47697197815175,4.548356122033345,1.7765690499283737,1.8804254758918542
"2020","Male","Black","Foreign-Born","Total","25-100",20289,1766231.9878944033,1836.980568901956,7.515878507533682,6.0127591644971,0.3273175158347587
"2020","Male","Black","US-Born","All other causes","25-100",31888,11198179.012105597,368.4706259722268,5.909360996029465,1.1986117893895685,0.3252937154018657
"2020","Male","Black","US-Born","Alzheimer disease and other dementias","25-100",7581,11198179.012105597,122.49101125959814,4.808037649819855,0.5631927347450962,0.4597829089283199
"2020","Male","Black","US-Born","COVID-19","25-100",25196,11198179.012105597,314.54598449382183,5.751130280058928,1.1033307216272277,0.3507692916197119
"2020","Male","Black","US-Born","Circulatory diseases","25-100",60426,11198179.012105597,726.6890525040853,6.588498672838806,1.6090090638908976,0.22141644467416166
"2020","Male","Black","US-Born","Diabetes","25-100",9106,11198179.012105597,104.77635493991866,4.651828125628437,0.6710061981573507,0.6404175813733186
"2020","Male","Black","US-Born","External Causes","25-100",27586,11198179.012105597,240.81101009300002,5.484012435366977,0.9690613809239004,0.40241572864531966
"2020","Male","Black","US-Born","Malignant Neoplasm","25-100",32515,11198179.012105597,390.88115989620775,5.968403574902203,1.2576671961906132,0.3217518072563453
"2020","Male","Black","US-Born","Respiratory diseases","25-100",12117,11198179.012105597,151.10925982467094,5.018003150158567,0.7769581446023603,0.5141697772220243
"2020","Male","Black","US-Born","Total","25-100",206415,11198179.012105597,2419.7744589835293,7.79142961604032,2.5341990813401307,0.10472873089191409
"2020","Male","Black","Total","All other causes","25-100",34522,12964411,349.9803793436179,5.857877093893859,1.0965982952313187,0.31333136368614994
"2020","Male","Black","Total","Alzheimer disease and other dementias","25-100",8233,12964411,117.66508173032832,4.767842298460546,0.5266972726442427,0.44762410810316533
"2020","Male","Black","Total","COVID-19","25-100",29854,12964411,328.12379345534436,5.793390956250653,1.0586912385926521,0.32264994484063025
"2020","Male","Black","Total","Circulatory diseases","25-100",66344,12964411,703.015055630696,6.55537830784122,1.4829120624079326,0.21093603195703503
"2020","Male","Black","Total","Diabetes","25-100",10013,12964411,101.58532057523027,4.6208990421785145,0.6181421162641122,0.6084955117175019
"2020","Male","Black","Total","External Causes","25-100",29177,12964411,220.50993393366866,5.395942745725469,0.8630285839694766,0.3913785508770245
"2020","Male","Black","Total","Malignant Neoplasm","25-100",35479,12964411,374.8436436104021,5.926508988650174,1.1585775311572752,0.3090828805307035
"2020","Male","Black","Total","Respiratory diseases","25-100",13082,12964411,143.9892703801271,4.969738785550782,0.7141070082544255,0.4959445980726242
"2020","Male","Black","Total","Total","25-100",226704,12964411,2339.712478659415,7.757783328434548,2.331124710630247,0.09963295626674229
"2020","Male","Asian","Foreign-Born","All other causes","25-100",5602,5441164.719471258,128.55811926372118,4.856381092073035,0.9322776853624087,0.7251799347266085
"2020","Male","Asian","Foreign-Born","Alzheimer disease and other dementias","25-100",1859,5441164.719471258,50.11897094843945,3.914399598062089,0.41537492610704335,0.8287778424947427
"2020","Male","Asian","Foreign-Born","COVID-19","25-100",7308,5441164.719471258,168.46650925009766,5.126736971877738,1.0944387293182694,0.6496476564926716
"2020","Male","Asian","Foreign-Born","Circulatory diseases","25-100",12017,5441164.719471258,284.27449844286843,5.649940315171418,1.3060429541387377,0.4594302201895248
"2020","Male","Asian","Foreign-Born","Diabetes","25-100",1875,5441164.719471258,42.82004033626089,3.75700622515691,0.5737449473413496,1.3398981944804256
"2020","Male","Asian","Foreign-Born","External Causes","25-100",2389,5441164.719471258,47.98132779416804,3.870811930937929,0.604052820738894,1.2589331069164669
"2020","Male","Asian","Foreign-Born","Malignant Neoplasm","25-100",8337,5441164.719471258,187.10001322119,5.231643303943804,1.2024938591846903,0.642701108611414
"2020","Male","Asian","Foreign-Born","Respiratory diseases","25-100",2850,5441164.719471258,70.52757087782692,4.256003709649058,0.6328491722565133,0.8973074846896137
"2020","Male","Asian","Foreign-Born","Total","25-100",42237,5441164.719471258,979.8470501345726,6.887396488192974,2.338270978144573,0.2386363236816842
"2020","Male","Asian","US-Born","All other causes","25-100",1300,1465601.2805287417,157.80096324690922,5.061334512619437,2.713199707421613,1.7193809540796676
"2020","Male","Asian","US-Born","Alzheimer disease and other dementias","25-100",555,1465601.2805287417,73.70002458261892,4.300003132745017,1.253738920561992,1.7011377237147733
"2020","Male","Asian","US-Born","COVID-19","25-100",732,1465601.2805287417,90.1981651746342,4.50200908511705,2.0991200091389577,2.327231385555145
"2020","Male","Asian","US-Born","Circulatory diseases","25-100",2735,1465601.2805287417,353.9600220361859,5.869183974655295,3.856011375753624,1.08939177751532
"2020","Male","Asian","US-Born","Diabetes","25-100",375,1465601.2805287417,48.37645353684469,3.879013198171811,1.6063870483517109,3.320596965894259
"2020","Male","Asian","US-Born","External Causes","25-100",1133,1465601.2805287417,87.01378981950411,4.466066609766665,1.9307610116227545,2.218913824610792
"2020","Male","Asian","US-Born","Malignant Neoplasm","25-100",1558,1465601.2805287417,211.51658088966,5.354303392054895,3.3182715052127225,1.5687997088718715
"2020","Male","Asian","US-Born","Respiratory diseases","25-100",578,1465601.2805287417,77.49811871360183,4.350253661401465,1.8114680854001795,2.3374349151552316
"2020","Male","Asian","US-Born","Total","25-100",8966,1465601.2805287417,1100.0641179999589,7.0031237461785905,6.456009857369416,0.5868757785779953
"2020","Male","Asian","Total","All other causes","25-100",6902,6906766,132.99940305949272,4.890344639937191,0.8848599186175519,0.6653111955861487
"2020","Male","Asian","Total","Alzheimer disease and other dementias","25-100",2414,6906766,54.27731962174617,3.994106453160564,0.3958632526840092,0.7293345644971879
"2020","Male","Asian","Total","COVID-19","25-100",8040,6906766,157.38142670030882,5.058672328387319,0.9938280803721256,0.6314773612165859
"2020","Male","Asian","Total","Circulatory diseases","25-100",14752,6906766,294.6129869766146,5.685662586480559,1.242324735556676,0.42168023490942974
"2020","Male","Asian","Total","Diabetes","25-100",2250,6906766,43.599092421531246,3.7750363341184068,0.5418440348900357,1.2427874178005782
"2020","Male","Asian","Total","External Causes","25-100",3522,6906766,55.3632361713147,4.013915766452662,0.5886114548410392,1.0631810846816354
"2020","Male","Asian","Total","Malignant Neoplasm","25-100",9895,6906766,190.64340833447417,5.250404711011252,1.1303806029830878,0.5929292876467528
"2020","Male","Asian","Total","Respiratory diseases","25-100",3428,6906766,71.38806142270977,4.268130648400047,0.5984043724092647,0.8382415217383982
"2020","Male","Asian","Total","Total","25-100",51203,6906766,1000.2649347081921,6.908020178601327,2.2033404716595264,0.22027568849070056
